-- MySQL dump 10.13  Distrib 5.7.22, for macos10.13 (x86_64)
--
-- Host: localhost    Database: symptomizer_db
-- ------------------------------------------------------
-- Server version	5.7.22

/*!40101 SET @OLD_CHARACTER_SET_CLIENT=@@CHARACTER_SET_CLIENT */;
/*!40101 SET @OLD_CHARACTER_SET_RESULTS=@@CHARACTER_SET_RESULTS */;
/*!40101 SET @OLD_COLLATION_CONNECTION=@@COLLATION_CONNECTION */;
/*!40101 SET NAMES utf8 */;
/*!40103 SET @OLD_TIME_ZONE=@@TIME_ZONE */;
/*!40103 SET TIME_ZONE='+00:00' */;
/*!40014 SET @OLD_UNIQUE_CHECKS=@@UNIQUE_CHECKS, UNIQUE_CHECKS=0 */;
/*!40014 SET @OLD_FOREIGN_KEY_CHECKS=@@FOREIGN_KEY_CHECKS, FOREIGN_KEY_CHECKS=0 */;
/*!40101 SET @OLD_SQL_MODE=@@SQL_MODE, SQL_MODE='NO_AUTO_VALUE_ON_ZERO' */;
/*!40111 SET @OLD_SQL_NOTES=@@SQL_NOTES, SQL_NOTES=0 */;

--
-- Table structure for table `diseases`
--

DROP TABLE IF EXISTS `diseases`;
/*!40101 SET @saved_cs_client     = @@character_set_client */;
/*!40101 SET character_set_client = utf8 */;
CREATE TABLE `diseases` (
  `_id` bigint(20) NOT NULL AUTO_INCREMENT,
  `_code` varchar(255) COLLATE utf8mb4_unicode_ci NOT NULL,
  `_name_ru` varchar(255) COLLATE utf8mb4_unicode_ci DEFAULT NULL,
  `_name` varchar(255) COLLATE utf8mb4_unicode_ci NOT NULL,
  `_created_at` timestamp NOT NULL DEFAULT CURRENT_TIMESTAMP,
  PRIMARY KEY (`_id`)
) ENGINE=MyISAM AUTO_INCREMENT=150 DEFAULT CHARSET=utf8mb4 COLLATE=utf8mb4_unicode_ci;
/*!40101 SET character_set_client = @saved_cs_client */;

--
-- Dumping data for table `diseases`
--

LOCK TABLES `diseases` WRITE;
/*!40000 ALTER TABLE `diseases` DISABLE KEYS */;
INSERT INTO `diseases` VALUES (1,'UMLS:C0020538_hypertensive disease','Гипертоническая болезнь','Hypertensive disease','2020-06-06 15:46:42'),(2,'UMLS:C0011847_diabetes','Диабет','Diabetes','2020-06-06 15:46:42'),(3,'UMLS:C0011570_depression mental','Психическая депрессия','Depression mental','2020-06-06 15:46:42'),(4,'UMLS:C0011581_depressive disorder','Депрессивное расстройство','Depressive disorder','2020-06-06 15:46:42'),(5,'UMLS:C0010054_coronary arteriosclerosis','Коронарный артериосклероз','Coronary arteriosclerosis','2020-06-06 15:46:42'),(6,'UMLS:C0010068_coronary heart disease','Ишемическая болезнь сердца','Coronary heart disease','2020-06-06 15:46:42'),(7,'UMLS:C0032285_pneumonia','Пневмония','Pneumonia','2020-06-06 15:46:42'),(8,'UMLS:C0018802_failure heart congestive','Сердечная недостаточность','Failure heart congestive','2020-06-06 15:46:42'),(9,'UMLS:C0038454_accident cerebrovascular','Нарушение мозгового кровообращения','Accident cerebrovascular','2020-06-06 15:46:42'),(10,'UMLS:C0004096_asthma','Астма','Asthma','2020-06-06 15:46:42'),(11,'UMLS:C0027051_myocardial infarction','Инфаркт миокарда','Myocardial infarction','2020-06-06 15:46:42'),(12,'UMLS:C0020443_hypercholesterolemia','Гиперхолестеринемия','Hypercholesterolemia','2020-06-06 15:46:42'),(13,'UMLS:C0021311_infection','Инфекция','Infection','2020-06-06 15:46:42'),(14,'UMLS:C0042029_infection urinary tract','Инфекция мочевыводящих путей','Infection urinary tract','2020-06-06 15:46:42'),(15,'UMLS:C0002871_anemia','Анемия','Anemia','2020-06-06 15:46:42'),(16,'UMLS:C0024117_chronic obstructive airway disease','Хроническая обструктивная болезнь дыхательных путей','Chronic obstructive airway disease','2020-06-06 15:46:42'),(17,'UMLS:C0497327_dementia','Деменция','Dementia','2020-06-06 15:46:42'),(18,'UMLS:C1565489_insufficiency renal','Почечная недостаточность','Insufficiency renal','2020-06-06 15:46:42'),(19,'UMLS:C0009676_confusion','Спутанность сознания','Confusion','2020-06-06 15:46:42'),(20,'UMLS:C0029408_degenerative polyarthritis','Дегенеративный полиартрит','Degenerative polyarthritis','2020-06-06 15:46:42'),(21,'UMLS:C0020676_hypothyroidism','Гипотиреоз','Hypothyroidism','2020-06-06 15:46:42'),(22,'UMLS:C0700613_anxiety state','Состояние тревоги','Anxiety state','2020-06-06 15:46:42'),(23,'UMLS:C0006826_malignant neoplasms','Злокачественные новообразования','Malignant neoplasms','2020-06-06 15:46:42'),(24,'UMLS:C1306459_primary malignant neoplasm','Первичное злокачественное новообразование','Primary malignant neoplasm','2020-06-06 15:46:42'),(25,'UMLS:C0001175_acquired immuno-deficiency syndrome','Синдром приобретенного иммунодефицита','Acquired immuno-deficiency syndrome','2020-06-06 15:46:42'),(26,'UMLS:C0019682_HIV','Вич','HIV','2020-06-06 15:46:42'),(27,'UMLS:C0019693_hiv infections','Вич инфекция','Hiv infections','2020-06-06 15:46:42'),(28,'UMLS:C0007642_cellulitis','Целлюлит','Cellulitis','2020-06-06 15:46:42'),(29,'UMLS:C0017168_gastroesophageal reflux disease','Гастроэзофагеальная рефлюксная болезнь','Gastroesophageal reflux disease','2020-06-06 15:46:42'),(30,'UMLS:C0036690_septicemia','Сепсис','Septicemia','2020-06-06 15:46:42'),(31,'UMLS:C0243026_systemic infection','Системная инфекция','Systemic infection','2020-06-06 15:46:42'),(32,'UMLS:C1090821_sepsis (invertebrate)','Сепсис (беспозвоночный)','Sepsis (invertebrate)','2020-06-06 15:46:42'),(33,'UMLS:C0149871_deep vein thrombosis','Тромбоз глубоких вен','Deep vein thrombosis','2020-06-06 15:46:42'),(34,'UMLS:C0011175_dehydration','Обезвоживание','Dehydration','2020-06-06 15:46:42'),(35,'UMLS:C0027651_neoplasm','Новообразование','Neoplasm','2020-06-06 15:46:42'),(36,'UMLS:C0034065_embolism pulmonary','Эмболия легочной артерии','Embolism pulmonary','2020-06-06 15:46:42'),(37,'UMLS:C0014544_epilepsy','Эпилепсия','Epilepsy','2020-06-06 15:46:42'),(38,'UMLS:C0878544_cardiomyopathy','Кардиомиопатия','Cardiomyopathy','2020-06-06 15:46:42'),(39,'UMLS:C0022661_chronic kidney failure','Хроническая почечная недостаточность','Chronic kidney failure','2020-06-06 15:46:42'),(40,'UMLS:C0007097_carcinoma','Карцинома','Carcinoma','2020-06-06 15:46:42'),(41,'UMLS:C0019196_hepatitis C','Гепатит С','Hepatitis C','2020-06-06 15:46:42'),(42,'UMLS:C0085096_peripheral vascular disease','Заболевание периферических сосудов','Peripheral vascular disease','2020-06-06 15:46:42'),(43,'UMLS:C0033975_psychotic disorder','Психотическое расстройство','Psychotic disorder','2020-06-06 15:46:42'),(44,'UMLS:C0020473_hyperlipidemia','Гиперлипидемия','Hyperlipidemia','2020-06-06 15:46:42'),(45,'UMLS:C0005586_bipolar disorder','Биполярное расстройство','Bipolar disorder','2020-06-06 15:46:42'),(46,'UMLS:C0028754_obesity','Ожирение','Obesity','2020-06-06 15:46:42'),(47,'UMLS:C0022116_ischemia','Ишемия','Ischemia','2020-06-06 15:46:42'),(48,'UMLS:C1623038_cirrhosis','Цирроз печени','Cirrhosis','2020-06-06 15:46:42'),(49,'UMLS:C0015230_exanthema','Экзантема','Exanthema','2020-06-06 15:46:42'),(50,'UMLS:C0005001_benign prostatic hypertrophy','Доброкачественная гипертрофия предстательной железы','Benign prostatic hypertrophy','2020-06-06 15:46:42'),(51,'UMLS:C0022660_kidney failure acute','Острая почечная недостаточность','Kidney failure acute','2020-06-06 15:46:42'),(52,'UMLS:C0026266_mitral valve insufficiency','Недостаточность митрального клапана','Mitral valve insufficiency','2020-06-06 15:46:42'),(53,'UMLS:C0003864_arthritis','Артрит','Arthritis','2020-06-06 15:46:42'),(54,'UMLS:C0006277_bronchitis','Бронхит','Bronchitis','2020-06-06 15:46:42'),(55,'UMLS:C0018989_hemiparesis','Односторонний парез','Hemiparesis','2020-06-06 15:46:42'),(56,'UMLS:C0029456_osteoporosis','Остеопороз','Osteoporosis','2020-06-06 15:46:42'),(57,'UMLS:C0007787_transient ischemic attack','Транзиторная ишемическая атака','Transient ischemic attack','2020-06-06 15:46:42'),(58,'UMLS:C0001418_adenocarcinoma','Аденокарцинома','Adenocarcinoma','2020-06-06 15:46:42'),(59,'UMLS:C1456784_paranoia','Паранойя','Paranoia','2020-06-06 15:46:42'),(60,'UMLS:C0030305_pancreatitis','Панкреатит','Pancreatitis','2020-06-06 15:46:42'),(61,'UMLS:C0021167_incontinence','Недержание','Incontinence','2020-06-06 15:46:42'),(62,'UMLS:C0013405_paroxysmal dyspnea','Пароксизмальная одышка','Paroxysmal dyspnea','2020-06-06 15:46:42'),(63,'UMLS:C0019270_hernia','Грыжа','Hernia','2020-06-06 15:46:42'),(64,'UMLS:C0376358_malignant neoplasm of prostate','Злокачественное новообразование простаты','Malignant neoplasm of prostate','2020-06-06 15:46:42'),(65,'UMLS:C0600139_carcinoma prostate','Рак предстательной железы','Carcinoma prostate','2020-06-06 15:46:42'),(66,'UMLS:C0034063_edema pulmonary','Отек легких','Edema pulmonary','2020-06-06 15:46:42'),(67,'UMLS:C0024228_lymphatic diseases','Лимфатические заболевания','Lymphatic diseases','2020-06-06 15:46:42'),(68,'UMLS:C0003507_stenosis aortic valve','Стеноз аортального клапана','Stenosis aortic valve','2020-06-06 15:46:42'),(69,'UMLS:C0006142_malignant neoplasm of breast','Злокачественное новообразование молочной железы','Malignant neoplasm of breast','2020-06-06 15:46:42'),(70,'UMLS:C0678222_carcinoma breast','Рак молочной железы','Carcinoma breast','2020-06-06 15:46:42'),(71,'UMLS:C0036341_schizophrenia','Шизофрения','Schizophrenia','2020-06-06 15:46:42'),(72,'UMLS:C0012813_diverticulitis','Дивертикулит','Diverticulitis','2020-06-06 15:46:42'),(73,'UMLS:C0546817_overload fluid','Перегрузочная жидкость','Overload fluid','2020-06-06 15:46:42'),(74,'UMLS:C0030920_ulcer peptic','Язвенная болезнь желудка','Ulcer peptic','2020-06-06 15:46:42'),(75,'UMLS:C0029443_osteomyelitis','Остеомиелит','Osteomyelitis','2020-06-06 15:46:42'),(76,'UMLS:C0017152_gastritis','Гастрит','Gastritis','2020-06-06 15:46:42'),(77,'UMLS:C0004610_bacteremia','Бактериемия','Bacteremia','2020-06-06 15:46:42'),(78,'UMLS:C0035078_failure kidney','Почечная недостаточность','Failure kidney','2020-06-06 15:46:42'),(79,'UMLS:C0002895_sickle cell anemia','Серповидноклеточная анемия','Sickle cell anemia','2020-06-06 15:46:42'),(80,'UMLS:C0018801_failure heart','Сердечная недостаточность','Failure heart','2020-06-06 15:46:42'),(81,'UMLS:C0041912_upper respiratory infection','Инфекция верхних дыхательных путей','Upper respiratory infection','2020-06-06 15:46:42'),(82,'UMLS:C0019158_hepatitis','Гепатит','Hepatitis','2020-06-06 15:46:42'),(83,'UMLS:C0020542_hypertension pulmonary','Гипертоническая болезнь легких','Hypertension pulmonary','2020-06-06 15:46:42'),(84,'UMLS:C0011168_deglutition disorder','Глотательное расстройство','Deglutition disorder','2020-06-06 15:46:42'),(85,'UMLS:C0018099_gout','Подагра','Gout','2020-06-06 15:46:42'),(86,'UMLS:C0040034_thrombocytopaenia','Тромбоцитопения','Thrombocytopaenia','2020-06-06 15:46:42'),(87,'UMLS:C0020615_hypoglycemia','Гипогликемия','Hypoglycemia','2020-06-06 15:46:42'),(88,'UMLS:C0032290_pneumonia aspiration','Аспирация пневмонии','Pneumonia aspiration','2020-06-06 15:46:42'),(89,'UMLS:C0009319_colitis','Колит','Colitis','2020-06-06 15:46:42'),(90,'UMLS:C1510475_diverticulosis','Дивертикулез','Diverticulosis','2020-06-06 15:46:42'),(91,'UMLS:C0038663_suicide attempt','Попытка самоубийства','Suicide attempt','2020-06-06 15:46:42'),(92,'UMLS:C0032305_Pneumocystis carinii pneumonia','Пневмоцистная пневмония','Pneumocystis carinii pneumonia','2020-06-06 15:46:42'),(93,'UMLS:C0019163_hepatitis B','Гепатит Б','Hepatitis B','2020-06-06 15:46:42'),(94,'UMLS:C0030567_parkinson disease','Болезнь паркинсона','Parkinson disease','2020-06-06 15:46:42'),(95,'UMLS:C0024299_lymphoma','Лимфома','Lymphoma','2020-06-06 15:46:42'),(96,'UMLS:C0020456_hyperglycemia','Гипергликемия','Hyperglycemia','2020-06-06 15:46:42'),(97,'UMLS:C0085584_encephalopathy','Энцефалопатия','Encephalopathy','2020-06-06 15:46:42'),(98,'UMLS:C0040961_tricuspid valve insufficiency','Недостаточность трикуспидального клапана','Tricuspid valve insufficiency','2020-06-06 15:46:42'),(99,'UMLS:C0002395_Alzheimer\'s disease','Болезнь Альцгеймера','Alzheimer\'s disease','2020-06-06 15:46:42'),(100,'UMLS:C0006840_candidiasis','Кандидоз','Candidiasis','2020-06-06 15:46:42'),(101,'UMLS:C0006849_oral candidiasis','Оральный кандидоз','Oral candidiasis','2020-06-06 15:46:42'),(102,'UMLS:C0442874_neuropathy','Невропатия','Neuropathy','2020-06-06 15:46:42'),(103,'UMLS:C0022658_kidney disease','Болезнь почек','Kidney disease','2020-06-06 15:46:42'),(104,'UMLS:C0023267_fibroid tumor','Фиброзная опухоль','Fibroid tumor','2020-06-06 15:46:42'),(105,'UMLS:C0017601_glaucoma','Глаукома','Glaucoma','2020-06-06 15:46:42'),(106,'UMLS:C0027627_neoplasm metastasis','Метастазирование новообразования','Neoplasm metastasis','2020-06-06 15:46:42'),(107,'UMLS:C0007102_malignant tumor of colon','Злокачественная опухоль толстой кишки','Malignant tumor of colon','2020-06-06 15:46:42'),(108,'UMLS:C0699790_carcinoma colon','Рак толстой кишки','Carcinoma colon','2020-06-06 15:46:42'),(109,'UMLS:C0011880_ketoacidosis diabetic','Диабетический кетоацидоз','Ketoacidosis diabetic','2020-06-06 15:46:42'),(110,'UMLS:C0014549_tonic-clonic epilepsy','Тонико-клоническая эпилепсия','Tonic-clonic epilepsy','2020-06-06 15:46:42'),(111,'UMLS:C0494475_tonic-clonic seizures','Тонико-клонические судороги','Tonic-clonic seizures','2020-06-06 15:46:42'),(112,'UMLS:C0006826_malignant neoplasms','Злокачественные новообразования','Malignant neoplasms','2020-06-06 15:46:42'),(113,'UMLS:C1145670_respiratory failure','Нарушение дыхания','Respiratory failure','2020-06-06 15:46:42'),(114,'UMLS:C0025202_melanoma','Меланома','Melanoma','2020-06-06 15:46:42'),(115,'UMLS:C0017160_gastroenteritis','Гастроэнтерит','Gastroenteritis','2020-06-06 15:46:42'),(116,'UMLS:C0242379_malignant neoplasm of lung','Злокачественное новообразование легкого','Malignant neoplasm of lung','2020-06-06 15:46:42'),(117,'UMLS:C0684249_carcinoma of lung','Рак легких','Carcinoma of lung','2020-06-06 15:46:42'),(118,'UMLS:C0024713_manic disorder','Маниакальное расстройство','Manic disorder','2020-06-06 15:46:42'),(119,'UMLS:C0031212_personality disorder','Расстройство личности','Personality disorder','2020-06-06 15:46:42'),(120,'UMLS:C0019204_primary carcinoma of the liver cells','Первичная карцинома клеток печени','Primary carcinoma of the liver cells','2020-06-06 15:46:42'),(121,'UMLS:C0034067_emphysema pulmonary','Эмфизема легких','Emphysema pulmonary','2020-06-06 15:46:42'),(122,'UMLS:C0019112_hemorrhoids','Геморрой','Hemorrhoids','2020-06-06 15:46:42'),(123,'UMLS:C0006266_spasm bronchial','Спазм бронхиальный','Spasm bronchial','2020-06-06 15:46:42'),(124,'UMLS:C0003537_aphasia','Афазия','Aphasia','2020-06-06 15:46:42'),(125,'UMLS:C0028756_obesity morbid','Ожирение болезненное','Obesity morbid','2020-06-06 15:46:42'),(126,'UMLS:C0034186_pyelonephritis','Пиелонефрит','Pyelonephritis','2020-06-06 15:46:42'),(127,'UMLS:C0014118_endocarditis','Эндокардит','Endocarditis','2020-06-06 15:46:42'),(128,'UMLS:C0031039_effusion pericardial','Выпот в перикарде','Effusion pericardial','2020-06-06 15:46:42'),(129,'UMLS:C1253937_pericardial effusion body substance','Перикардиальный выпот вещества тела','Pericardial effusion body substance','2020-06-06 15:46:42'),(130,'UMLS:C0001973_chronic alcoholic intoxication','Хроническая алкогольная интоксикация','Chronic alcoholic intoxication','2020-06-06 15:46:42'),(131,'UMLS:C0032326_pneumothorax','Пневмоторакс','Pneumothorax','2020-06-06 15:46:42'),(132,'UMLS:C0011206_delirium','Бред','Delirium','2020-06-06 15:46:42'),(133,'UMLS:C0027947_neutropenia','Нейтропения','Neutropenia','2020-06-06 15:46:42'),(134,'UMLS:C0020433_hyperbilirubinemia','Гипербилирубинемия','Hyperbilirubinemia','2020-06-06 15:46:42'),(135,'UMLS:C0021400_influenza','Грипп','Influenza','2020-06-06 15:46:42'),(136,'UMLS:C0439857_dependence','Зависимость','Dependence','2020-06-06 15:46:42'),(137,'UMLS:C0087086_thrombus','Тромб','Thrombus','2020-06-06 15:46:42'),(138,'UMLS:C0008325_cholecystitis','Холецистит','Cholecystitis','2020-06-06 15:46:42'),(139,'UMLS:C0019291_hernia hiatal','Грыжа хиатальная','Hernia hiatal','2020-06-06 15:46:42'),(140,'UMLS:C0149931_migraine disorders','Расстройства мигрени','Migraine disorders','2020-06-06 15:46:42'),(141,'UMLS:C0030312_pancytopenia','Панцитопения','Pancytopenia','2020-06-06 15:46:42'),(142,'UMLS:C0008350_cholelithiasis','Желчекаменная болезнь','Cholelithiasis','2020-06-06 15:46:42'),(143,'UMLS:C0242216_biliary calculus','Желчное исчисление','Biliary calculus','2020-06-06 15:46:42'),(144,'UMLS:C0039239_tachycardia sinus','Синусовая тахикардия','Tachycardia sinus','2020-06-06 15:46:42'),(145,'UMLS:C1258215_ileus','Кишечная непроходимость','Ileus','2020-06-06 15:46:42'),(146,'UMLS:C0001511_adhesion','Адгезия','Adhesion','2020-06-06 15:46:42'),(147,'UMLS:C0011253_delusion','Наваждение','Delusion','2020-06-06 15:46:42'),(148,'UMLS:C0233472_affect labile','Лабильный аффект','Affect labile','2020-06-06 15:46:42'),(149,'UMLS:C0011127_decubitus ulcer','Пролежневая язва','Decubitus ulcer','2020-06-06 15:46:42');
/*!40000 ALTER TABLE `diseases` ENABLE KEYS */;
UNLOCK TABLES;

--
-- Table structure for table `genders`
--

DROP TABLE IF EXISTS `genders`;
/*!40101 SET @saved_cs_client     = @@character_set_client */;
/*!40101 SET character_set_client = utf8 */;
CREATE TABLE `genders` (
  `_id` bigint(20) NOT NULL AUTO_INCREMENT,
  `_code` varchar(40) COLLATE utf8mb4_unicode_ci NOT NULL,
  `_name` varchar(255) COLLATE utf8mb4_unicode_ci NOT NULL,
  `_created_at` timestamp NOT NULL DEFAULT CURRENT_TIMESTAMP,
  PRIMARY KEY (`_id`),
  UNIQUE KEY `genders__id_uindex` (`_id`),
  UNIQUE KEY `genders__code_uindex` (`_code`)
) ENGINE=InnoDB DEFAULT CHARSET=utf8mb4 COLLATE=utf8mb4_unicode_ci;
/*!40101 SET character_set_client = @saved_cs_client */;

--
-- Dumping data for table `genders`
--

LOCK TABLES `genders` WRITE;
/*!40000 ALTER TABLE `genders` DISABLE KEYS */;
/*!40000 ALTER TABLE `genders` ENABLE KEYS */;
UNLOCK TABLES;

--
-- Table structure for table `roles`
--

DROP TABLE IF EXISTS `roles`;
/*!40101 SET @saved_cs_client     = @@character_set_client */;
/*!40101 SET character_set_client = utf8 */;
CREATE TABLE `roles` (
  `_id` bigint(20) NOT NULL AUTO_INCREMENT,
  `_code` varchar(40) COLLATE utf8mb4_unicode_ci NOT NULL,
  `_name` varchar(255) COLLATE utf8mb4_unicode_ci NOT NULL,
  `_created_at` timestamp NOT NULL DEFAULT CURRENT_TIMESTAMP,
  PRIMARY KEY (`_id`),
  UNIQUE KEY `roles__id_uindex` (`_id`)
) ENGINE=InnoDB DEFAULT CHARSET=utf8mb4 COLLATE=utf8mb4_unicode_ci;
/*!40101 SET character_set_client = @saved_cs_client */;

--
-- Dumping data for table `roles`
--

LOCK TABLES `roles` WRITE;
/*!40000 ALTER TABLE `roles` DISABLE KEYS */;
/*!40000 ALTER TABLE `roles` ENABLE KEYS */;
UNLOCK TABLES;

--
-- Table structure for table `symptom_groups`
--

DROP TABLE IF EXISTS `symptom_groups`;
/*!40101 SET @saved_cs_client     = @@character_set_client */;
/*!40101 SET character_set_client = utf8 */;
CREATE TABLE `symptom_groups` (
  `_id` bigint(20) NOT NULL AUTO_INCREMENT,
  `_name` varchar(255) COLLATE utf8mb4_unicode_ci NOT NULL,
  `_name_ru` int(11) DEFAULT NULL,
  `_created_at` timestamp NOT NULL DEFAULT CURRENT_TIMESTAMP,
  PRIMARY KEY (`_id`),
  UNIQUE KEY `symptom_groups__id_uindex` (`_id`)
) ENGINE=InnoDB AUTO_INCREMENT=11 DEFAULT CHARSET=utf8mb4 COLLATE=utf8mb4_unicode_ci;
/*!40101 SET character_set_client = @saved_cs_client */;

--
-- Dumping data for table `symptom_groups`
--

LOCK TABLES `symptom_groups` WRITE;
/*!40000 ALTER TABLE `symptom_groups` DISABLE KEYS */;
INSERT INTO `symptom_groups` VALUES (1,'General symptoms',NULL,'2020-06-13 15:29:41'),(2,'Head, vision, hearing, speech',NULL,'2020-06-13 15:29:41'),(3,'Neck and throat',NULL,'2020-06-13 15:33:25'),(4,'Chest, heart, breath',NULL,'2020-06-13 15:33:25'),(5,'Limbs, joints, back',NULL,'2020-06-13 15:33:25'),(6,'Abdomen, stomach, gut',NULL,'2020-06-13 15:33:55'),(7,'Pelvis, genitourinary organs',NULL,'2020-06-13 15:35:18'),(8,'Skin and hair',NULL,'2020-06-13 15:35:18'),(9,'Psychological',NULL,'2020-06-13 15:43:21'),(10,'Other',NULL,'2020-06-13 16:00:54');
/*!40000 ALTER TABLE `symptom_groups` ENABLE KEYS */;
UNLOCK TABLES;

--
-- Table structure for table `symptom_questions`
--

DROP TABLE IF EXISTS `symptom_questions`;
/*!40101 SET @saved_cs_client     = @@character_set_client */;
/*!40101 SET character_set_client = utf8 */;
CREATE TABLE `symptom_questions` (
  `_id` bigint(20) NOT NULL AUTO_INCREMENT,
  `_name` varchar(1000) COLLATE utf8mb4_unicode_ci NOT NULL,
  `_name_ru` varchar(1000) COLLATE utf8mb4_unicode_ci DEFAULT NULL,
  `_created_at` timestamp NOT NULL DEFAULT CURRENT_TIMESTAMP,
  PRIMARY KEY (`_id`),
  UNIQUE KEY `symptom_questions__id_uindex` (`_id`)
) ENGINE=InnoDB AUTO_INCREMENT=2 DEFAULT CHARSET=utf8mb4 COLLATE=utf8mb4_unicode_ci;
/*!40101 SET character_set_client = @saved_cs_client */;

--
-- Dumping data for table `symptom_questions`
--

LOCK TABLES `symptom_questions` WRITE;
/*!40000 ALTER TABLE `symptom_questions` DISABLE KEYS */;
INSERT INTO `symptom_questions` VALUES (1,'Have you had a fever above 37.5C over the past day?',NULL,'2020-06-01 16:53:38');
/*!40000 ALTER TABLE `symptom_questions` ENABLE KEYS */;
UNLOCK TABLES;

--
-- Table structure for table `symptom_questions_map`
--

DROP TABLE IF EXISTS `symptom_questions_map`;
/*!40101 SET @saved_cs_client     = @@character_set_client */;
/*!40101 SET character_set_client = utf8 */;
CREATE TABLE `symptom_questions_map` (
  `question_id` bigint(20) NOT NULL,
  `symptom_id` bigint(20) NOT NULL,
  KEY `symptom_questions_map_symptom_questions__id_fk` (`question_id`),
  KEY `symptom_questions_map_symptoms__id_fk` (`symptom_id`),
  CONSTRAINT `symptom_questions_map_symptom_questions__id_fk` FOREIGN KEY (`question_id`) REFERENCES `symptom_questions` (`_id`),
  CONSTRAINT `symptom_questions_map_symptoms__id_fk` FOREIGN KEY (`symptom_id`) REFERENCES `symptoms` (`_id`)
) ENGINE=InnoDB DEFAULT CHARSET=latin1;
/*!40101 SET character_set_client = @saved_cs_client */;

--
-- Dumping data for table `symptom_questions_map`
--

LOCK TABLES `symptom_questions_map` WRITE;
/*!40000 ALTER TABLE `symptom_questions_map` DISABLE KEYS */;
/*!40000 ALTER TABLE `symptom_questions_map` ENABLE KEYS */;
UNLOCK TABLES;

--
-- Table structure for table `symptoms`
--

DROP TABLE IF EXISTS `symptoms`;
/*!40101 SET @saved_cs_client     = @@character_set_client */;
/*!40101 SET character_set_client = utf8 */;
CREATE TABLE `symptoms` (
  `_id` bigint(20) NOT NULL AUTO_INCREMENT,
  `_code` varchar(255) COLLATE utf8mb4_unicode_ci NOT NULL,
  `_created_at` timestamp NOT NULL DEFAULT CURRENT_TIMESTAMP,
  `_name_ru` varchar(255) COLLATE utf8mb4_unicode_ci DEFAULT NULL,
  `_group_id` bigint(20) DEFAULT NULL,
  `_name` varchar(255) COLLATE utf8mb4_unicode_ci NOT NULL,
  PRIMARY KEY (`_id`),
  UNIQUE KEY `symptoms__id_uindex` (`_id`),
  UNIQUE KEY `symptoms__code_uindex` (`_code`),
  KEY `symptoms_symptom_groups__id_fk` (`_group_id`),
  CONSTRAINT `symptoms_symptom_groups__id_fk` FOREIGN KEY (`_group_id`) REFERENCES `symptom_groups` (`_id`)
) ENGINE=InnoDB AUTO_INCREMENT=1023 DEFAULT CHARSET=utf8mb4 COLLATE=utf8mb4_unicode_ci;
/*!40101 SET character_set_client = @saved_cs_client */;

--
-- Dumping data for table `symptoms`
--

LOCK TABLES `symptoms` WRITE;
/*!40000 ALTER TABLE `symptoms` DISABLE KEYS */;
INSERT INTO `symptoms` VALUES (618,'UMLS:C0008031_pain chest','2020-06-06 15:46:21','Боль в груди',4,'Pain chest'),(619,'UMLS:C0392680_shortness of breath','2020-06-06 15:46:21','Одышка',4,'Shortness of breath'),(620,'UMLS:C0012833_dizziness','2020-06-06 15:46:21','Головокружение',2,'Dizziness'),(621,'UMLS:C0004093_asthenia','2020-06-06 15:46:21','Астения',NULL,'Asthenia'),(622,'UMLS:C0085639_fall','2020-06-06 15:46:21','Падение',2,'Fall'),(623,'UMLS:C0039070_syncope','2020-06-06 15:46:21','Обморок',2,'Syncope'),(624,'UMLS:C0042571_vertigo','2020-06-06 15:46:21','Вертиго',2,'Vertigo'),(625,'UMLS:C0038990_sweat','2020-06-06 15:46:21','Потение',1,'Sweat'),(626,'UMLS:C0700590_sweating increased','2020-06-06 15:46:21','Повышенное потоотделение',NULL,'Sweating increased'),(627,'UMLS:C0030252_palpitation','2020-06-06 15:46:21','Cильное сердцебиение',4,'Palpitation'),(628,'UMLS:C0027497_nausea','2020-06-06 15:46:21','Тошнота',NULL,'Nausea'),(629,'UMLS:C0002962_angina pectoris','2020-06-06 15:46:21','Стенокардия',NULL,'Angina pectoris'),(630,'UMLS:C0438716_pressure chest','2020-06-06 15:46:21','Давление в груди',4,'Pressure chest'),(631,'UMLS:C0032617_polyuria','2020-06-06 15:46:21','Полиурия',NULL,'Polyuria'),(632,'UMLS:C0085602_polydypsia','2020-06-06 15:46:21','Полидипсия',NULL,'Polydypsia'),(633,'UMLS:C0085619_orthopnea','2020-06-06 15:46:21','Ортопноэ',NULL,'Orthopnea'),(634,'UMLS:C0034642_rale','2020-06-06 15:46:21','Хрип',4,'Rale'),(635,'UMLS:C0241526_unresponsiveness','2020-06-06 15:46:21','Нарушение сознания',NULL,'Unresponsiveness'),(636,'UMLS:C0856054_mental status changes','2020-06-06 15:46:21','Изменения психического статуса',2,'Mental status changes'),(637,'UMLS:C0042963_vomiting','2020-06-06 15:46:21','Рвота',NULL,'Vomiting'),(638,'UMLS:C0553668_labored breathing','2020-06-06 15:46:21','Затрудненное дыхание',4,'Labored breathing'),(639,'UMLS:C0424000_feeling suicidal','2020-06-06 15:46:21','Суицидальные наклонности',9,'Feeling suicidal'),(640,'UMLS:C0438696_suicidal','2020-06-06 15:46:21','Суицидальная идеация',NULL,'Suicidal'),(641,'UMLS:C0233762_hallucinations auditory','2020-06-06 15:46:21','Слуховые галлюцинации',2,'Hallucinations auditory'),(642,'UMLS:C0150041_feeling hopeless','2020-06-06 15:46:21','Чувтво безнадежности',9,'Feeling hopeless'),(643,'UMLS:C0424109_weepiness','2020-06-06 15:46:21','Рыдания',NULL,'Weepiness'),(644,'UMLS:C0917801_sleeplessness','2020-06-06 15:46:21','Бессонница',2,'Sleeplessness'),(645,'UMLS:C0424230_motor retardation','2020-06-06 15:46:21','Моторная заторможенность',2,'Motor retardation'),(646,'UMLS:C0022107_irritable mood','2020-06-06 15:46:21','Раздражительность',2,'Irritable mood'),(647,'UMLS:C0312422_blackout','2020-06-06 15:46:21','Амнезия',2,'Blackout'),(648,'UMLS:C0344315_mood depressed','2020-06-06 15:46:21','Подавленное настроение',9,'Mood depressed'),(649,'UMLS:C0233763_hallucinations visual','2020-06-06 15:46:21','Визуальные галлюцинации',2,'Hallucinations visual'),(650,'UMLS:C0233481_worry','2020-06-06 15:46:21','Тревога',9,'Worry'),(651,'UMLS:C0085631_agitation','2020-06-06 15:46:21','Беспокойное поведение',9,'Agitation'),(652,'UMLS:C0040822_tremor','2020-06-06 15:46:21','Тремор',NULL,'Tremor'),(653,'UMLS:C0728899_intoxication','2020-06-06 15:46:21','Интоксикация',1,'Intoxication'),(654,'UMLS:C0424068_verbal auditory hallucinations','2020-06-06 15:46:21','Речевые слуховые галлюцинации',2,'Verbal auditory hallucinations'),(655,'UMLS:C0455769_energy increased','2020-06-06 15:46:21','Повышенная энергичность',9,'Energy increased'),(656,'UMLS:C1299586_difficulty','2020-06-06 15:46:21','Затруднения',NULL,'Difficulty'),(657,'UMLS:C0028084_nightmare','2020-06-06 15:46:21','Ночные кошмары',2,'Nightmare'),(658,'UMLS:C0235198_unable to concentrate','2020-06-06 15:46:21','Рассеянность внимания',2,'Unable to concentrate'),(659,'UMLS:C0237154_homelessness','2020-06-06 15:46:21','Бездомность',NULL,'Homelessness'),(660,'UMLS:C0086439_hypokinesia','2020-06-06 15:46:21','Гипокинезия',NULL,'Hypokinesia'),(661,'UMLS:C0231807_dyspnea on exertion','2020-06-06 15:46:21','Одышка при физической нагрузке',4,'Dyspnea on exertion'),(662,'UMLS:C0232292_chest tightness','2020-06-06 15:46:21','Стеснение в груди',4,'Chest tightness'),(663,'UMLS:C0010200_cough','2020-06-06 15:46:21','Кашель',4,'Cough'),(664,'UMLS:C0015967_fever','2020-06-06 15:46:21','Жар',1,'Fever'),(665,'UMLS:C0029053_decreased translucency','2020-06-06 15:46:21','Уменьшенная прозрачность',NULL,'Decreased translucency'),(666,'UMLS:C0239134_productive cough','2020-06-06 15:46:21','Влажный кашель',4,'Productive cough'),(667,'UMLS:C0008033_pleuritic pain','2020-06-06 15:46:21','Плевритная боль',NULL,'Pleuritic pain'),(668,'UMLS:C0457096_yellow sputum','2020-06-06 15:46:21','Желтая мокрота',3,'Yellow sputum'),(669,'UMLS:C0238844_breath sounds decreased','2020-06-06 15:46:21','Приглушенные звуки дыхания',NULL,'Breath sounds decreased'),(670,'UMLS:C0085593_chill','2020-06-06 15:46:21','Озноб',1,'Chill'),(671,'UMLS:C0035508_rhonchus','2020-06-06 15:46:21','Хрип',NULL,'Rhonchus'),(672,'UMLS:C0457097_green sputum','2020-06-06 15:46:21','Зеленая мокрота',3,'Green sputum'),(673,'UMLS:C0850149_non-productive cough','2020-06-06 15:46:21','Сухой кашель',4,'Non-productive cough'),(674,'UMLS:C0043144_wheezing','2020-06-06 15:46:21','Хрипящий',NULL,'Wheezing'),(675,'UMLS:C0019079_haemoptysis','2020-06-06 15:46:21','Кровохарканье',4,'Haemoptysis'),(676,'UMLS:C0476273_distress respiratory','2020-06-06 15:46:21','Дыхательная недостаточность',4,'Distress respiratory'),(677,'UMLS:C0231835_tachypnea','2020-06-06 15:46:21','Тахипноэ',NULL,'Tachypnea'),(678,'UMLS:C0231218_malaise','2020-06-06 15:46:21','Недомогание',1,'Malaise'),(679,'UMLS:C0028081_night sweat','2020-06-06 15:46:21','Ночная потливость',1,'Night sweat'),(680,'UMLS:C0240100_jugular venous distention','2020-06-06 15:46:21','Расширение яремной вены',NULL,'Jugular venous distention'),(681,'UMLS:C0013404_dyspnea','2020-06-06 15:46:21','Одышка',NULL,'Dyspnea'),(682,'UMLS:C0013362_dysarthria','2020-06-06 15:46:21','Дизартрия',NULL,'Dysarthria'),(683,'UMLS:C0234518_speech slurred','2020-06-06 15:46:21','Невнятная речь',2,'Speech slurred'),(684,'UMLS:C0427055_facial paresis','2020-06-06 15:46:21','Парез лица',2,'Facial paresis'),(685,'UMLS:C0018991_hemiplegia','2020-06-06 15:46:21','Гемиплегия',NULL,'Hemiplegia'),(686,'UMLS:C0036572_seizure','2020-06-06 15:46:21','Припадок',NULL,'Seizure'),(687,'UMLS:C0028643_numbness','2020-06-06 15:46:21','Онемение',NULL,'Numbness'),(688,'UMLS:C0436331_symptom aggravating factors','2020-06-06 15:46:21','Усугубляющие симптомы',NULL,'Symptom aggravating factors'),(689,'UMLS:C0520886_st segment elevation','2020-06-06 15:46:21','Элевация сегмента ST',NULL,'St segment elevation'),(690,'UMLS:C0520887_st segment depression','2020-06-06 15:46:21','Депрессия сегмента ST',NULL,'St segment depression'),(691,'UMLS:C0520888_t wave inverted','2020-06-06 15:46:21','T wave inverted',NULL,'T wave inverted'),(692,'UMLS:C1305739_presence of q wave','2020-06-06 15:46:21','Presence of q wave',NULL,'Presence of q wave'),(693,'UMLS:C0235710_chest discomfort','2020-06-06 15:46:21','Дискомфорт в груди',4,'Chest discomfort'),(694,'UMLS:C0428977_bradycardia','2020-06-06 15:46:21','Брадикардия',4,'Bradycardia'),(695,'UMLS:C0030193_pain','2020-06-06 15:46:21','Боль',1,'Pain'),(696,'UMLS:C0337672_nonsmoker','2020-06-06 15:46:21','Не курящий',NULL,'Nonsmoker'),(697,'UMLS:C0041834_erythema','2020-06-06 15:46:21','Эритема',NULL,'Erythema'),(698,'UMLS:C0019214_hepatosplenomegaly','2020-06-06 15:46:21','Гепатоспленомегалия',NULL,'Hepatosplenomegaly'),(699,'UMLS:C0033774_pruritus','2020-06-06 15:46:21','Зуд',8,'Pruritus'),(700,'UMLS:C0011991_diarrhea','2020-06-06 15:46:21','Диарея',6,'Diarrhea'),(701,'UMLS:C0549483_abscess bacterial','2020-06-06 15:46:21','Бактериальный абсцесс',NULL,'Abscess bacterial'),(702,'UMLS:C0038999_swelling','2020-06-06 15:46:21','Припухлость',8,'Swelling'),(703,'UMLS:C0277797_apyrexial','2020-06-06 15:46:21','Апирексия',NULL,'Apyrexial'),(704,'UMLS:C0013428_dysuria','2020-06-06 15:46:21','Расстройство мочеиспускания',NULL,'Dysuria'),(705,'UMLS:C0018965_hematuria','2020-06-06 15:46:21','Гематурия',NULL,'Hematuria'),(706,'UMLS:C0235634_renal angle tenderness','2020-06-06 15:46:21','Поколачивание',NULL,'Renal angle tenderness'),(707,'UMLS:C0023380_lethargy','2020-06-06 15:46:21','Вялость',1,'Lethargy'),(708,'UMLS:C0020625_hyponatremia','2020-06-06 15:46:21','Гипонатремия',NULL,'Hyponatremia'),(709,'UMLS:C0578150_hemodynamically stable','2020-06-06 15:46:21','Hemodynamically stable',NULL,'Hemodynamically stable'),(710,'UMLS:C0241705_difficulty passing urine','2020-06-06 15:46:21','Затруднение прохождения мочи',NULL,'Difficulty passing urine'),(711,'UMLS:C0239110_consciousness clear','2020-06-06 15:46:21','Ясное созннание',NULL,'Consciousness clear'),(712,'UMLS:C0744492_guaiac positive','2020-06-06 15:46:21','Положительный гваяк',NULL,'Guaiac positive'),(713,'UMLS:C0746619_monoclonal','2020-06-06 15:46:21','Моноклональные антитела',NULL,'Monoclonal'),(714,'UMLS:C0013491_ecchymosis','2020-06-06 15:46:21','Экхимоз',NULL,'Ecchymosis'),(715,'UMLS:C1269955_tumor cell invasion','2020-06-06 15:46:21','Инвазия опухолевых клеток',NULL,'Tumor cell invasion'),(716,'UMLS:C0019080_haemorrhage','2020-06-06 15:46:21','Кровоизлияние',NULL,'Haemorrhage'),(717,'UMLS:C0030232_pallor','2020-06-06 15:46:21','Бледность',8,'Pallor'),(718,'UMLS:C0015672_fatigue','2020-06-06 15:46:21','Усталость',NULL,'Fatigue'),(719,'UMLS:C0744740_heme positive','2020-06-06 15:46:21','Положительный гем',NULL,'Heme positive'),(720,'UMLS:C0004604_pain back','2020-06-06 15:46:21','Боль в спине',NULL,'Pain back'),(721,'UMLS:C0149746_orthostasis','2020-06-06 15:46:21','Ортостаз',NULL,'Orthostasis'),(722,'UMLS:C0003862_arthralgia','2020-06-06 15:46:21','Артралгия',NULL,'Arthralgia'),(723,'UMLS:C1096646_transaminitis','2020-06-06 15:46:21','Transaminitis',NULL,'Transaminitis'),(724,'UMLS:C0241235_sputum purulent','2020-06-06 15:46:21','Гнойная мокрота',3,'Sputum purulent'),(725,'UMLS:C0700292_hypoxemia','2020-06-06 15:46:21','Гипоксия',NULL,'Hypoxemia'),(726,'UMLS:C0020440_hypercapnia','2020-06-06 15:46:21','Гиперкапния',NULL,'Hypercapnia'),(727,'UMLS:C0376405_patient non compliance','2020-06-06 15:46:21','Patient non compliance',NULL,'Patient non compliance'),(728,'UMLS:C0041657_unconscious state','2020-06-06 15:46:21','Бессознательное состояние',2,'Unconscious state'),(729,'UMLS:C0425251_bedridden','2020-06-06 15:46:21','Прикованный к постели',NULL,'Bedridden'),(730,'UMLS:C0232498_abdominal tenderness','2020-06-06 15:46:21','Брюшная нежность',NULL,'Abdominal tenderness'),(731,'UMLS:C1273573_unsteady gait','2020-06-06 15:46:21','Неустойчивая походка',NULL,'Unsteady gait'),(732,'UMLS:C0020461_hyperkalemia','2020-06-06 15:46:21','Гиперкалиемия',NULL,'Hyperkalemia'),(733,'UMLS:C0085606_urgency of micturition','2020-06-06 15:46:21','Непреодолимое желание мочеиспускания',7,'Urgency of micturition'),(734,'UMLS:C0003962_ascites','2020-06-06 15:46:21','Асцит',NULL,'Ascites'),(735,'UMLS:C0020649_hypotension','2020-06-06 15:46:21','Гипотония',NULL,'Hypotension'),(736,'UMLS:C0014394_enuresis','2020-06-06 15:46:21','Энурез',NULL,'Enuresis'),(737,'UMLS:C0232766_asterixis','2020-06-06 15:46:21','Порхающее дрожание',NULL,'Asterixis'),(738,'UMLS:C0231530_muscle twitch','2020-06-06 15:46:21','Подергивание мышц',NULL,'Muscle twitch'),(739,'UMLS:C0234450_sleepy','2020-06-06 15:46:21','Сонливость',1,'Sleepy'),(740,'UMLS:C0018681_headache','2020-06-06 15:46:21','Головная боль',2,'Headache'),(741,'UMLS:C0220870_lightheadedness','2020-06-06 15:46:21','Головокружение',NULL,'Lightheadedness'),(742,'UMLS:C0149696_food intolerance','2020-06-06 15:46:21','Пищевая непереносимость',6,'Food intolerance'),(743,'UMLS:C0239832_numbness of hand','2020-06-06 15:46:21','Онемение руки',5,'Numbness of hand'),(744,'UMLS:C0858924_general discomfort','2020-06-06 15:46:21','Общий дискомфорт',1,'General discomfort'),(745,'UMLS:C0013144_drowsiness','2020-06-06 15:46:21','Сонливость',NULL,'Drowsiness'),(746,'UMLS:C0427008_stiffness','2020-06-06 15:46:21','Оцепенелость',NULL,'Stiffness'),(747,'UMLS:C0242453_prostatism','2020-06-06 15:46:21','Prostatism',7,'Prostatism'),(748,'UMLS:C0043094_weight gain','2020-06-06 15:46:21','Увеличение веса',1,'Weight gain'),(749,'UMLS:C0557875_tired','2020-06-06 15:46:21','Усталость',1,'Tired'),(750,'UMLS:C0577559_mass of body structure','2020-06-06 15:46:21','Mass of body structure',NULL,'Mass of body structure'),(751,'UMLS:C0557075_has religious belief','2020-06-06 15:46:21','Имеет религиозные убеждения',10,'Has religious belief'),(752,'UMLS:C0027769_nervousness','2020-06-06 15:46:21','Нервозность',9,'Nervousness'),(753,'UMLS:C0016579_formication','2020-06-06 15:46:21','Мурашки по телу',8,'Formication'),(754,'UMLS:C0600142_hot flush','2020-06-06 15:46:21','Приливы',NULL,'Hot flush'),(755,'UMLS:C0221198_lesion','2020-06-06 15:46:21','Поражение',NULL,'Lesion'),(756,'UMLS:C0332601_cushingoid facies','2020-06-06 15:46:21','Cushingoid facies',NULL,'Cushingoid facies'),(757,'UMLS:C0878661_cushingoid habitus','2020-06-06 15:46:21','Cushingoid habitus',NULL,'Cushingoid habitus'),(758,'UMLS:C0743482_emphysematous change','2020-06-06 15:46:21','Эмфизематозное изменение',NULL,'Emphysematous change'),(759,'UMLS:C0043096_decreased body weight','2020-06-06 15:46:21','Уменьшение массы тела',1,'Decreased body weight'),(760,'UMLS:C0019825_hoarseness','2020-06-06 15:46:21','Охриплость',3,'Hoarseness'),(761,'UMLS:C0205400_thicken','2020-06-06 15:46:21','Thicken',NULL,'Thicken'),(762,'UMLS:C0233308_spontaneous rupture of membranes','2020-06-06 15:46:21','Самопроизвольный разрыв плодных оболочек',NULL,'Spontaneous rupture of membranes'),(763,'UMLS:C0026827_muscle hypotonia','2020-06-06 15:46:21','Мышечная гипотония',NULL,'Muscle hypotonia'),(764,'UMLS:C0241938_hypotonic','2020-06-06 15:46:21','Hypotonic',NULL,'Hypotonic'),(765,'UMLS:C0332575_redness','2020-06-06 15:46:21','Покраснение',8,'Redness'),(766,'UMLS:C0020580_hypesthesia','2020-06-06 15:46:21','Гипестезия',NULL,'Hypesthesia'),(767,'UMLS:C0034880_hyperacusis','2020-06-06 15:46:21','Гиперакузия',NULL,'Hyperacusis'),(768,'UMLS:C1384489_scratch marks','2020-06-06 15:46:21','Царапины',NULL,'Scratch marks'),(769,'UMLS:C0234233_sore to touch','2020-06-06 15:46:21','Болит на ощупь',NULL,'Sore to touch'),(770,'UMLS:C0085624_burning sensation','2020-06-06 15:46:21','Обжигающее ощущение',NULL,'Burning sensation'),(771,'UMLS:C0239233_satiety early','2020-06-06 15:46:21','Satiety early',NULL,'Satiety early'),(772,'UMLS:C1444773_throbbing sensation quality','2020-06-06 15:46:21','Throbbing sensation quality',NULL,'Throbbing sensation quality'),(773,'UMLS:C0234215_sensory discomfort','2020-06-06 15:46:21','Сенсорный дискомфорт',NULL,'Sensory discomfort'),(774,'UMLS:C0009806_constipation','2020-06-06 15:46:21','Запор',6,'Constipation'),(775,'UMLS:C0000737_pain abdominal','2020-06-06 15:46:21','Боль в животе',6,'Pain abdominal'),(776,'UMLS:C0018834_heartburn','2020-06-06 15:46:21','Изжога',6,'Heartburn'),(777,'UMLS:C0006157_breech presentation','2020-06-06 15:46:21','Breech presentation',NULL,'Breech presentation'),(778,'UMLS:C0010520_cyanosis','2020-06-06 15:46:21','Цианоз',8,'Cyanosis'),(779,'UMLS:C0023222_pain in lower limb','2020-06-06 15:46:21','Боль в нижней конечности',5,'Pain in lower limb'),(780,'UMLS:C0018800_cardiomegaly','2020-06-06 15:46:21','Кардиомегалия',NULL,'Cardiomegaly'),(781,'UMLS:C0009024_clonus','2020-06-06 15:46:21','Подергивание мышц',NULL,'Clonus'),(782,'UMLS:C0857256_unwell','2020-06-06 15:46:21','Unwell',NULL,'Unwell'),(783,'UMLS:C0003123_anorexia','2020-06-06 15:46:21','Анорексия',NULL,'Anorexia'),(784,'UMLS:C0424533_history of - blackout','2020-06-06 15:46:21','History of - blackout',NULL,'History of - blackout'),(785,'UMLS:C0003126_anosmia','2020-06-06 15:46:21','Аносмия',NULL,'Anosmia'),(786,'UMLS:C1513183_metastatic lesion','2020-06-06 15:46:21','Метастатическое поражение',NULL,'Metastatic lesion'),(787,'UMLS:C0271202_hemianopsia homonymous','2020-06-06 15:46:21','Hemianopsia homonymous',NULL,'Hemianopsia homonymous'),(788,'UMLS:C0744727_hematocrit decreased','2020-06-06 15:46:21','Hematocrit decreased',NULL,'Hematocrit decreased'),(789,'UMLS:C0151315_neck stiffness','2020-06-06 15:46:21','Ригидность затылочных мышц',3,'Neck stiffness'),(790,'UMLS:C0008767_cicatrisation','2020-06-06 15:46:21','Cicatrisation',NULL,'Cicatrisation'),(791,'UMLS:C0347938_hypometabolism','2020-06-06 15:46:21','Пониженный обмен веществ',1,'Hypometabolism'),(792,'UMLS:C0236018_aura','2020-06-06 15:46:21','Aura',NULL,'Aura'),(793,'UMLS:C0027066_myoclonus','2020-06-06 15:46:21','Myoclonus',NULL,'Myoclonus'),(794,'UMLS:C0232517_gurgle','2020-06-06 15:46:21','Gurgle',NULL,'Gurgle'),(795,'UMLS:C0558195_wheelchair bound','2020-06-06 15:46:21','Wheelchair bound',NULL,'Wheelchair bound'),(796,'UMLS:C0238705_left atrial hypertrophy','2020-06-06 15:46:21','Гипертрофия левого предсердия',NULL,'Left atrial hypertrophy'),(797,'UMLS:C0028961_oliguria','2020-06-06 15:46:21','Oliguria',NULL,'Oliguria'),(798,'UMLS:C0007398_catatonia','2020-06-06 15:46:21','Catatonia',NULL,'Catatonia'),(799,'UMLS:C0847488_unhappy','2020-06-06 15:46:21','Несчастье',9,'Unhappy'),(800,'UMLS:C0030554_paresthesia','2020-06-06 15:46:21','Paresthesia',NULL,'Paresthesia'),(801,'UMLS:C0232995_gravida 0','2020-06-06 15:46:21','Gravida 0',NULL,'Gravida 0'),(802,'UMLS:C0034079_lung nodule','2020-06-06 15:46:21','Lung nodule',NULL,'Lung nodule'),(803,'UMLS:C0000731_distended abdomen','2020-06-06 15:46:21','Distended abdomen',NULL,'Distended abdomen'),(804,'UMLS:C0234238_ache','2020-06-06 15:46:21','Ache',NULL,'Ache'),(805,'UMLS:C0558143_macerated skin','2020-06-06 15:46:21','Macerated skin',8,'Macerated skin'),(806,'UMLS:C0581912_heavy feeling','2020-06-06 15:46:21','Heavy feeling',NULL,'Heavy feeling'),(807,'UMLS:C0234253_rest pain','2020-06-06 15:46:21','Rest pain',NULL,'Rest pain'),(808,'UMLS:C0232201_sinus rhythm','2020-06-06 15:46:21','Sinus rhythm',NULL,'Sinus rhythm'),(809,'UMLS:C0424092_withdraw','2020-06-06 15:46:21','Withdraw',NULL,'Withdraw'),(810,'UMLS:C0424295_behavior hyperactive','2020-06-06 15:46:21','Поведение гиперактивное',9,'Behavior hyperactive'),(811,'UMLS:C0558261_terrify','2020-06-06 15:46:21','Terrify',NULL,'Terrify'),(812,'UMLS:C0085635_photopsia','2020-06-06 15:46:21','Photopsia',NULL,'Photopsia'),(813,'UMLS:C0392701_giddy mood','2020-06-06 15:46:21','Головокружительное настроение',NULL,'Giddy mood'),(814,'UMLS:C0578859_disturbed family','2020-06-06 15:46:21','Disturbed family',NULL,'Disturbed family'),(815,'UMLS:C0917799_hypersomnia','2020-06-06 15:46:21','Чрезмерная сонливость',1,'Hypersomnia'),(816,'UMLS:C0020458_hyperhidrosis disorder','2020-06-06 15:46:21','Hyperhidrosis disorder',NULL,'Hyperhidrosis disorder'),(817,'UMLS:C0026961_mydriasis','2020-06-06 15:46:21','Mydriasis',NULL,'Mydriasis'),(818,'UMLS:C0234133_extrapyramidal sign','2020-06-06 15:46:21','Extrapyramidal sign',NULL,'Extrapyramidal sign'),(819,'UMLS:C0240233_loose associations','2020-06-06 15:46:21','Loose associations',NULL,'Loose associations'),(820,'UMLS:C0392674_exhaustion','2020-06-06 15:46:21','Истощение',1,'Exhaustion'),(821,'UMLS:C0037384_snore','2020-06-06 15:46:21','Храп',1,'Snore'),(822,'UMLS:C0429091_r wave feature','2020-06-06 15:46:21','R wave feature',NULL,'R wave feature'),(823,'UMLS:C0497406_overweight','2020-06-06 15:46:21','Избыточный вес',1,'Overweight'),(824,'UMLS:C0232257_systolic murmur','2020-06-06 15:46:21','Systolic murmur',NULL,'Systolic murmur'),(825,'UMLS:C0231221_asymptomatic','2020-06-06 15:46:21','Бессимптомный',NULL,'Asymptomatic'),(826,'UMLS:C0038002_splenomegaly','2020-06-06 15:46:21','Splenomegaly',NULL,'Splenomegaly'),(827,'UMLS:C0151706_bleeding of vagina','2020-06-06 15:46:21','Кровотечение из влагалища',7,'Bleeding of vagina'),(828,'UMLS:C0332573_macule','2020-06-06 15:46:21','Macule',NULL,'Macule'),(829,'UMLS:C0085636_photophobia','2020-06-06 15:46:21','Светобоязнь',2,'Photophobia'),(830,'UMLS:C0221150_painful swallowing','2020-06-06 15:46:21','Болезненное глотание',3,'Painful swallowing'),(831,'UMLS:C0006625_cachexia','2020-06-06 15:46:21','Cachexia',NULL,'Cachexia'),(832,'UMLS:C0020598_hypocalcemia result','2020-06-06 15:46:21','Hypocalcemia result',NULL,'Hypocalcemia result'),(833,'UMLS:C0020672_hypothermia','2020-06-06 15:46:21','Hypothermia',NULL,'Hypothermia'),(834,'UMLS:C0741302_atypia','2020-06-06 15:46:21','Atypia',NULL,'Atypia'),(835,'UMLS:C0427108_general unsteadiness','2020-06-06 15:46:21','Общая неустойчивость',NULL,'General unsteadiness'),(836,'UMLS:C0242429_throat sore','2020-06-06 15:46:21','Боль в горле',3,'Throat sore'),(837,'UMLS:C1260880_snuffle','2020-06-06 15:46:21','Snuffle',NULL,'Snuffle'),(838,'UMLS:C0239133_hacking cough','2020-06-06 15:46:21','Частый сухой кашель',3,'Hacking cough'),(839,'UMLS:C0038450_stridor','2020-06-06 15:46:21','Stridor',NULL,'Stridor'),(840,'UMLS:C0030552_paresis','2020-06-06 15:46:21','Paresis',NULL,'Paresis'),(841,'UMLS:C0221470_aphagia','2020-06-06 15:46:21','Aphagia',NULL,'Aphagia'),(842,'UMLS:C0751495_focal seizures','2020-06-06 15:46:21','Focal seizures',NULL,'Focal seizures'),(843,'UMLS:C0423571_abnormal sensation','2020-06-06 15:46:21','Ненормальное ощущение',NULL,'Abnormal sensation'),(844,'UMLS:C0085628_stupor','2020-06-06 15:46:21','Ступор',NULL,'Stupor'),(845,'UMLS:C0231890_fremitus','2020-06-06 15:46:21','Fremitus',NULL,'Fremitus'),(846,'UMLS:C0271276_Stahli\'s line','2020-06-06 15:46:21','Stahli\'s line',NULL,'Stahli\'s line'),(847,'UMLS:C0677500_stinging sensation','2020-06-06 15:46:21','Ощущение жжения',8,'Stinging sensation'),(848,'UMLS:C0522224_paralyse','2020-06-06 15:46:21','Paralyse',NULL,'Paralyse'),(849,'UMLS:C0019572_hirsutism','2020-06-06 15:46:21','Hirsutism',NULL,'Hirsutism'),(850,'UMLS:C0558361_sniffle','2020-06-06 15:46:21','Sniffle',NULL,'Sniffle'),(851,'UMLS:C0233565_bradykinesia','2020-06-06 15:46:21','Bradykinesia',NULL,'Bradykinesia'),(852,'UMLS:C0848168_out of breath','2020-06-06 15:46:21','Out of breath',NULL,'Out of breath'),(853,'UMLS:C0150045_urge incontinence','2020-06-06 15:46:21','Настойчивое недержание мочи',7,'Urge incontinence'),(854,'UMLS:C0344232_vision blurred','2020-06-06 15:46:21','Vision blurred',2,'Vision blurred'),(855,'UMLS:C0848277_room spinning','2020-06-06 15:46:21','Room spinning',NULL,'Room spinning'),(856,'UMLS:C0423982_rambling speech','2020-06-06 15:46:21','Бессвязная речь',2,'Rambling speech'),(857,'UMLS:C0233844_clumsiness','2020-06-06 15:46:21','Неуклюжесть',1,'Clumsiness'),(858,'UMLS:C0278014_decreased stool caliber','2020-06-06 15:46:21','Decreased stool caliber',NULL,'Decreased stool caliber'),(859,'UMLS:C0018932_hematochezia','2020-06-06 15:46:21','Кровянистый стул',6,'Hematochezia'),(860,'UMLS:C0231872_egophony','2020-06-06 15:46:21','Egophony',NULL,'Egophony'),(861,'UMLS:C0233647_neologism','2020-06-06 15:46:21','Neologism',NULL,'Neologism'),(862,'UMLS:C0231187_decompensation','2020-06-06 15:46:21','Decompensation',NULL,'Decompensation'),(863,'UMLS:C0241252_stool color yellow','2020-06-06 15:46:21','Stool color yellow',NULL,'Stool color yellow'),(864,'UMLS:C0424790_rigor - temperature-associated observation','2020-06-06 15:46:21','Rigor - temperature-associated observation',NULL,'Rigor - temperature-associated observation'),(865,'UMLS:C0221166_paraparesis','2020-06-06 15:46:21','Paraparesis',NULL,'Paraparesis'),(866,'UMLS:C0554980_moody','2020-06-06 15:46:21','Угрюмый',NULL,'Moody'),(867,'UMLS:C0877040_fear of falling','2020-06-06 15:46:21','Fear of falling',NULL,'Fear of falling'),(868,'UMLS:C0037763_spasm','2020-06-06 15:46:21','Судорога\n',1,'Spasm'),(869,'UMLS:C0020578_hyperventilation','2020-06-06 15:46:21','Hyperventilation',NULL,'Hyperventilation'),(870,'UMLS:C0278141_excruciating pain','2020-06-06 15:46:21','Мучительная боль',1,'Excruciating pain'),(871,'UMLS:C0016927_gag','2020-06-06 15:46:21','Gag',NULL,'Gag'),(872,'UMLS:C0872410_posturing','2020-06-06 15:46:21','Posturing',NULL,'Posturing'),(873,'UMLS:C0277899_pulse absent','2020-06-06 15:46:21','Pulse absent',NULL,'Pulse absent'),(874,'UMLS:C0392699_dysesthesia','2020-06-06 15:46:21','Dysesthesia',NULL,'Dysesthesia'),(875,'UMLS:C0521516_polymyalgia','2020-06-06 15:46:21','Polymyalgia',NULL,'Polymyalgia'),(876,'UMLS:C0848621_passed stones','2020-06-06 15:46:21','Passed stones',NULL,'Passed stones'),(877,'UMLS:C0151878_qt interval prolonged','2020-06-06 15:46:21','Qt interval prolonged',NULL,'Qt interval prolonged'),(878,'UMLS:C0004134_ataxia','2020-06-06 15:46:21','Атаксиия',NULL,'Ataxia'),(879,'UMLS:C0018862_Heberden\'s node','2020-06-06 15:46:21','Heberden\'s node',NULL,'Heberden\'s node'),(880,'UMLS:C0019209_hepatomegaly','2020-06-06 15:46:21','Hepatomegaly',NULL,'Hepatomegaly'),(881,'UMLS:C0036396_sciatica','2020-06-06 15:46:21','Ишиас',5,'Sciatica'),(882,'UMLS:C0577979_frothy sputum','2020-06-06 15:46:21','Пенистая мокрота',3,'Frothy sputum'),(883,'UMLS:C0024103_mass in breast','2020-06-06 15:46:21','Mass in breast',NULL,'Mass in breast'),(884,'UMLS:C0277845_retropulsion','2020-06-06 15:46:21','Retropulsion',NULL,'Retropulsion'),(885,'UMLS:C0239301_estrogen use','2020-06-06 15:46:21','Estrogen use',NULL,'Estrogen use'),(886,'UMLS:C0751229_hypersomnolence','2020-06-06 15:46:21','Hypersomnolence',NULL,'Hypersomnolence'),(887,'UMLS:C0041667_underweight','2020-06-06 15:46:21','Недовес',1,'Underweight'),(889,'UMLS:C0541911_dullness','2020-06-06 15:46:21','Тупость',9,'Dullness'),(890,'UMLS:C0857199_red blotches','2020-06-06 15:46:21','Red blotches',8,'Red blotches'),(891,'UMLS:C0232488_colic abdominal','2020-06-06 15:46:21','Брюшные колики',6,'Colic abdominal'),(892,'UMLS:C0020621_hypokalemia','2020-06-06 15:46:21','Гипокалиемия',NULL,'Hypokalemia'),(893,'UMLS:C0020175_hunger','2020-06-06 15:46:21','Голод',6,'Hunger'),(894,'UMLS:C0240813_prostate tender','2020-06-06 15:46:21','Prostate tender',7,'Prostate tender'),(895,'UMLS:C0016512_pain foot','2020-06-06 15:46:21','Боль в ногах',5,'Pain foot'),(896,'UMLS:C0152032_urinary hesitation','2020-06-06 15:46:21','Urinary hesitation',7,'Urinary hesitation'),(897,'UMLS:C0281825_disequilibrium','2020-06-06 15:46:21','Потеря равновесия',NULL,'Disequilibrium'),(898,'UMLS:C0016382_flushing','2020-06-06 15:46:21','Flushing',NULL,'Flushing'),(899,'UMLS:C0085632_indifferent mood','2020-06-06 15:46:21','Безразличное настроение',9,'Indifferent mood'),(900,'UMLS:C1313921_urinoma','2020-06-06 15:46:21','Urinoma',7,'Urinoma'),(901,'UMLS:C0239981_hypoalbuminemia','2020-06-06 15:46:21','Hypoalbuminemia',NULL,'Hypoalbuminemia'),(902,'UMLS:C0241157_pustule','2020-06-06 15:46:21','Пустулы',8,'Pustule'),(903,'UMLS:C0232854_slowing of urinary stream','2020-06-06 15:46:21','Замедление мочеиспускания',7,'Slowing of urinary stream'),(904,'UMLS:C0277794_extreme exhaustion','2020-06-06 15:46:21','Extreme exhaustion',NULL,'Extreme exhaustion'),(905,'UMLS:C0442739_no status change','2020-06-06 15:46:21','No status change',NULL,'No status change'),(906,'UMLS:C1135120_breakthrough pain','2020-06-06 15:46:21','Прорывная боль',NULL,'Breakthrough pain'),(907,'UMLS:C0232258_pansystolic murmur','2020-06-06 15:46:21','Pansystolic murmur',NULL,'Pansystolic murmur'),(908,'UMLS:C0694547_systolic ejection murmur','2020-06-06 15:46:21','Systolic ejection murmur',NULL,'Systolic ejection murmur'),(909,'UMLS:C0848340_stuffy nose','2020-06-06 15:46:21','Заложенность носа',2,'Stuffy nose'),(910,'UMLS:C0234866_barking cough','2020-06-06 15:46:21','Barking cough',NULL,'Barking cough'),(911,'UMLS:C0425488_rapid shallow breathing','2020-06-06 15:46:21','Rapid shallow breathing',NULL,'Rapid shallow breathing'),(912,'UMLS:C0237304_noisy respiration','2020-06-06 15:46:21','Шумное дыхание',3,'Noisy respiration'),(913,'UMLS:C0264273_nasal discharge present','2020-06-06 15:46:21','Носовые выделения',2,'Nasal discharge present'),(914,'UMLS:C0871754_frail','2020-06-06 15:46:21','Frail',NULL,'Frail'),(915,'UMLS:C1511606_cystic lesion','2020-06-06 15:46:21','Cystic lesion',NULL,'Cystic lesion'),(916,'UMLS:C0221151_projectile vomiting','2020-06-06 15:46:21','Projectile vomiting',6,'Projectile vomiting'),(917,'UMLS:C0581911_heavy legs','2020-06-06 15:46:21','Heavy legs',5,'Heavy legs'),(918,'UMLS:C0231690_titubation','2020-06-06 15:46:21','Titubation',NULL,'Titubation'),(919,'UMLS:C0234979_dysdiadochokinesia','2020-06-06 15:46:21','Dysdiadochokinesia',NULL,'Dysdiadochokinesia'),(920,'UMLS:C1321756_achalasia','2020-06-06 15:46:21','Achalasia',NULL,'Achalasia'),(921,'UMLS:C0748706_side pain','2020-06-06 15:46:21','Side pain',5,'Side pain'),(922,'UMLS:C0085702_monocytosis','2020-06-06 15:46:21','Monocytosis',NULL,'Monocytosis'),(923,'UMLS:C0032781_posterior rhinorrhea','2020-06-06 15:46:21','Posterior rhinorrhea',NULL,'Posterior rhinorrhea'),(924,'UMLS:C0542044_incoherent','2020-06-06 15:46:21','Incoherent',NULL,'Incoherent'),(925,'UMLS:C0311395_lameness','2020-06-06 15:46:21','Хромота',5,'Lameness'),(926,'UMLS:C1456822_claudication','2020-06-06 15:46:21','Хромота',5,'Claudication'),(927,'UMLS:C0392162_clammy skin','2020-06-06 15:46:21','Липкая кожа',8,'Clammy skin'),(928,'UMLS:C0264576_mediastinal shift','2020-06-06 15:46:21','Mediastinal shift',NULL,'Mediastinal shift'),(929,'UMLS:C0027498_nausea and vomiting','2020-06-06 15:46:21','Тошнота и рвота',6,'Nausea and vomiting'),(930,'UMLS:C0541798_awakening early','2020-06-06 15:46:21','Раннее пробуждение',NULL,'Awakening early'),(931,'UMLS:C0232726_tenesmus','2020-06-06 15:46:21','Tenesmus',NULL,'Tenesmus'),(932,'UMLS:C1167754_fecaluria','2020-06-06 15:46:21','Fecaluria',NULL,'Fecaluria'),(933,'UMLS:C0232894_pneumatouria','2020-06-06 15:46:21','Pneumatouria',NULL,'Pneumatouria'),(934,'UMLS:C0234544_todd paralysis','2020-06-06 15:46:21','Todd paralysis',NULL,'Todd paralysis'),(935,'UMLS:C0740880_alcoholic withdrawal symptoms','2020-06-06 15:46:21','Алкогольная абстиненция',1,'Alcoholic withdrawal symptoms'),(936,'UMLS:C0231528_myalgia','2020-06-06 15:46:21','Боль в мышцах',5,'Myalgia'),(937,'UMLS:C1384606_dyspareunia','2020-06-06 15:46:21','Dyspareunia',NULL,'Dyspareunia'),(938,'UMLS:C0149758_poor dentition','2020-06-06 15:46:21','Poor dentition',NULL,'Poor dentition'),(939,'UMLS:C0857516_floppy','2020-06-06 15:46:21','Floppy',NULL,'Floppy'),(940,'UMLS:C0233467_inappropriate affect','2020-06-06 15:46:21','Inappropriate affect',NULL,'Inappropriate affect'),(941,'UMLS:C0576456_poor feeding','2020-06-06 15:46:21','Poor feeding',NULL,'Poor feeding'),(942,'UMLS:C0859032_moan','2020-06-06 15:46:21','Стон',NULL,'Moan'),(943,'UMLS:C0221232_welt','2020-06-06 15:46:21','Welt',8,'Welt'),(944,'UMLS:C0040264_tinnitus','2020-06-06 15:46:21','Звон в ушах',2,'Tinnitus'),(945,'UMLS:C0020303_hydropneumothorax','2020-06-06 15:46:21','Hydropneumothorax',NULL,'Hydropneumothorax'),(946,'UMLS:C0429562_superimposition','2020-06-06 15:46:21','Superimposition',NULL,'Superimposition'),(947,'UMLS:C0235129_feeling strange','2020-06-06 15:46:21','Feeling strange',NULL,'Feeling strange'),(948,'UMLS:C0242143_uncoordination','2020-06-06 15:46:21','Uncoordination',NULL,'Uncoordination'),(949,'UMLS:C0424530_absences finding','2020-06-06 15:46:21','Absences finding',NULL,'Absences finding'),(950,'UMLS:C0270844_tonic seizures','2020-06-06 15:46:21','Тонические судороги',NULL,'Tonic seizures'),(951,'UMLS:C0742985_debilitation','2020-06-06 15:46:21','Debilitation',NULL,'Debilitation'),(952,'UMLS:C0338656_impaired cognition','2020-06-06 15:46:21','Нарушение сознания',1,'Impaired cognition'),(953,'UMLS:C0013132_drool','2020-06-06 15:46:21','Drool',NULL,'Drool'),(954,'UMLS:C0235231_pin-point pupils','2020-06-06 15:46:21','Pin-point pupils',NULL,'Pin-point pupils'),(955,'UMLS:C0234379_tremor resting','2020-06-06 15:46:21','Tremor resting',NULL,'Tremor resting'),(956,'UMLS:C0541992_groggy','2020-06-06 15:46:21','Groggy',NULL,'Groggy'),(957,'UMLS:C0559546_adverse reaction','2020-06-06 15:46:21','Adverse reaction',NULL,'Adverse reaction'),(958,'UMLS:C0879626_adverse effect','2020-06-06 15:46:21','Adverse effect',NULL,'Adverse effect'),(959,'UMLS:C1291077_abdominal bloating','2020-06-06 15:46:21','Вздутие живота',6,'Abdominal bloating'),(960,'UMLS:C0231230_fatigability','2020-06-06 15:46:21','Утомляемость',1,'Fatigability'),(961,'UMLS:C0233071_para 2','2020-06-06 15:46:21','Para 2',NULL,'Para 2'),(962,'UMLS:C0156543_abortion','2020-06-06 15:46:21','Выкидыш',10,'Abortion'),(963,'UMLS:C0232943_intermenstrual heavy bleeding','2020-06-06 15:46:21','Межменструальное сильное кровотечение',7,'Intermenstrual heavy bleeding'),(964,'UMLS:C0232997_previous pregnancies 2','2020-06-06 15:46:21','Previous pregnancies 2',NULL,'Previous pregnancies 2'),(965,'UMLS:C0860096_primigravida','2020-06-06 15:46:21','Женщина, беременная первый раз',NULL,'Primigravida'),(966,'UMLS:C0702118_abnormally hard consistency','2020-06-06 15:46:21','Abnormally hard consistency',NULL,'Abnormally hard consistency'),(967,'UMLS:C1405524_proteinemia','2020-06-06 15:46:21','Proteinemia',NULL,'Proteinemia'),(968,'UMLS:C0007859_pain neck','2020-06-06 15:46:21','Боль в шеее',3,'Pain neck'),(969,'UMLS:C0857087_dizzy spells','2020-06-06 15:46:21','Dizzy spells',NULL,'Dizzy spells'),(970,'UMLS:C0278146_shooting pain','2020-06-06 15:46:21','Shooting pain',NULL,'Shooting pain'),(971,'UMLS:C0235250_hyperemesis','2020-06-06 15:46:21','Hyperemesis',NULL,'Hyperemesis'),(972,'UMLS:C0443260_milky','2020-06-06 15:46:21','Milky',NULL,'Milky'),(973,'UMLS:C0232605_regurgitates after swallowing','2020-06-06 15:46:21','Regurgitates after swallowing',NULL,'Regurgitates after swallowing'),(974,'UMLS:C0542073_lip smacking','2020-06-06 15:46:21','Lip smacking',NULL,'Lip smacking'),(975,'UMLS:C0751466_phonophobia','2020-06-06 15:46:21','Phonophobia',NULL,'Phonophobia'),(976,'UMLS:C0522336_rolling of eyes','2020-06-06 15:46:21','Закатывание глаз',2,'Rolling of eyes'),(977,'UMLS:C0002416_ambidexterity','2020-06-06 15:46:21','Амбидекстрия',9,'Ambidexterity'),(978,'UMLS:C0232118_pulsus paradoxus','2020-06-06 15:46:21','Pulsus paradoxus',NULL,'Pulsus paradoxus'),(979,'UMLS:C1291692_gravida 10','2020-06-06 15:46:21','Gravida 10',NULL,'Gravida 10'),(980,'UMLS:C0006318_bruit','2020-06-06 15:46:21','Bruit',NULL,'Bruit'),(981,'UMLS:C0476287_breath-holding spell','2020-06-06 15:46:21','Breath-holding spell',NULL,'Breath-holding spell'),(982,'UMLS:C0240962_scleral icterus','2020-06-06 15:46:21','Scleral icterus',NULL,'Scleral icterus'),(983,'UMLS:C0232602_retch','2020-06-06 15:46:21','Позывы на рвоту',6,'Retch'),(984,'UMLS:C0948786_blanch','2020-06-06 15:46:21','Blanch',NULL,'Blanch'),(985,'UMLS:C0233492_elation','2020-06-06 15:46:21','Бурная радость',9,'Elation'),(986,'UMLS:C0558089_verbally abusive behavior','2020-06-06 15:46:21','Verbally abusive behavior',9,'Verbally abusive behavior'),(987,'UMLS:C0558141_transsexual','2020-06-06 15:46:21','Транссексуал',10,'Transsexual'),(988,'UMLS:C0474395_behavior showing increased motor activity','2020-06-06 15:46:21','Behavior showing increased motor activity',NULL,'Behavior showing increased motor activity'),(989,'UMLS:C0241158_scar tissue','2020-06-06 15:46:21','Scar tissue',NULL,'Scar tissue'),(990,'UMLS:C0520966_coordination abnormal','2020-06-06 15:46:21','Coordination abnormal',NULL,'Coordination abnormal'),(991,'UMLS:C0008301_choke','2020-06-06 15:46:21','Припадок удушья',3,'Choke'),(992,'UMLS:C0232695_bowel sounds decreased','2020-06-06 15:46:21','Bowel sounds decreased',NULL,'Bowel sounds decreased'),(993,'UMLS:C0262581_no known drug allergies','2020-06-06 15:46:21','No known drug allergies',NULL,'No known drug allergies'),(994,'UMLS:C0024031_low back pain','2020-06-06 15:46:21','Low back pain',5,'Low back pain'),(995,'UMLS:C0277823_charleyhorse','2020-06-06 15:46:21','Cудорога в руке или ноге',5,'Charleyhorse'),(996,'UMLS:C0205254_sedentary','2020-06-06 15:46:21','Sedentary',NULL,'Sedentary'),(997,'UMLS:C0424749_feels hot/feverish','2020-06-06 15:46:21','Feels hot/feverish',NULL,'Feels hot/feverish'),(998,'UMLS:C1517205_flare','2020-06-06 15:46:21','Flare',NULL,'Flare'),(999,'UMLS:C0232267_pericardial friction rub','2020-06-06 15:46:21','Pericardial friction rub',NULL,'Pericardial friction rub'),(1000,'UMLS:C0424337_hoard','2020-06-06 15:46:21','Hoard',NULL,'Hoard'),(1001,'UMLS:C0030318_panic','2020-06-06 15:46:21','Паника',9,'Panic'),(1002,'UMLS:C0425560_cardiovascular finding','2020-06-06 15:46:21','Cardiovascular finding',NULL,'Cardiovascular finding'),(1003,'UMLS:C1320716_cardiovascular event','2020-06-06 15:46:21','Cardiovascular event',NULL,'Cardiovascular event'),(1004,'UMLS:C0037580_soft tissue swelling','2020-06-06 15:46:21','Soft tissue swelling',NULL,'Soft tissue swelling'),(1005,'UMLS:C0427629_rhd positive','2020-06-06 15:46:21','Rhd positive',NULL,'Rhd positive'),(1006,'UMLS:C0233070_para 1','2020-06-06 15:46:21','Para 1',NULL,'Para 1'),(1007,'UMLS:C0277873_nasal flaring','2020-06-06 15:46:21','Носовое расширение',NULL,'Nasal flaring'),(1008,'UMLS:C0037383_sneeze','2020-06-06 15:46:21','Чихание',NULL,'Sneeze'),(1009,'UMLS:C0235396_hypertonicity','2020-06-06 15:46:21','Гипертония',NULL,'Hypertonicity'),(1010,'UMLS:C0277977_Murphy\'s sign','2020-06-06 15:46:21','Знак Мерфи',NULL,'Murphy\'s sign'),(1011,'UMLS:C0016204_flatulence','2020-06-06 15:46:21','Метеоризм',6,'Flatulence'),(1012,'UMLS:C0425449_gasping for breath','2020-06-06 15:46:21','Дышать с трудом',NULL,'Gasping for breath'),(1013,'UMLS:C0474505_feces in rectum','2020-06-06 15:46:21','Кал в прямой кишке',6,'Feces in rectum'),(1014,'UMLS:C0240805_prodrome','2020-06-06 15:46:21','Продромальное явление',NULL,'Prodrome'),(1015,'UMLS:C0020639_hypoproteinemia','2020-06-06 15:46:21','Гипопротеинемия',NULL,'Hypoproteinemia'),(1016,'UMLS:C0556346_alcohol binge episode','2020-06-06 15:46:21','Эпизод алкогольного пьянства',10,'Alcohol binge episode'),(1017,'UMLS:C0000727_abdomen acute','2020-06-06 15:46:21','Острый живот',6,'Abdomen acute'),(1018,'UMLS:C0740844_air fluid level','2020-06-06 15:46:21','Air fluid level',NULL,'Air fluid level'),(1019,'UMLS:C0425491_catching breath','2020-06-06 15:46:21','Catching breath',NULL,'Catching breath'),(1020,'UMLS:C0456091_large-for-dates fetus','2020-06-06 15:46:21','Large-for-dates fetus',NULL,'Large-for-dates fetus'),(1021,'UMLS:C0231441_immobile','2020-06-06 15:46:21','Неподвижный',NULL,'Immobile'),(1022,'UMLS:C0455204_homicidal thoughts','2020-06-06 15:46:21','Мысли об убийстве',9,'Homicidal thoughts');
/*!40000 ALTER TABLE `symptoms` ENABLE KEYS */;
UNLOCK TABLES;

--
-- Table structure for table `users`
--

DROP TABLE IF EXISTS `users`;
/*!40101 SET @saved_cs_client     = @@character_set_client */;
/*!40101 SET character_set_client = utf8 */;
CREATE TABLE `users` (
  `_id` bigint(20) NOT NULL AUTO_INCREMENT,
  `_username` varchar(255) COLLATE utf8mb4_unicode_ci NOT NULL,
  `_email` varchar(255) COLLATE utf8mb4_unicode_ci NOT NULL,
  `_gender_id` bigint(20) NOT NULL,
  `_created_at` timestamp NOT NULL DEFAULT CURRENT_TIMESTAMP,
  PRIMARY KEY (`_id`),
  UNIQUE KEY `users__id_uindex` (`_id`),
  KEY `users_genders__id_fk` (`_gender_id`),
  CONSTRAINT `users_genders__id_fk` FOREIGN KEY (`_gender_id`) REFERENCES `genders` (`_id`)
) ENGINE=InnoDB DEFAULT CHARSET=utf8mb4 COLLATE=utf8mb4_unicode_ci;
/*!40101 SET character_set_client = @saved_cs_client */;

--
-- Dumping data for table `users`
--

LOCK TABLES `users` WRITE;
/*!40000 ALTER TABLE `users` DISABLE KEYS */;
/*!40000 ALTER TABLE `users` ENABLE KEYS */;
UNLOCK TABLES;

--
-- Table structure for table `users_roles`
--

DROP TABLE IF EXISTS `users_roles`;
/*!40101 SET @saved_cs_client     = @@character_set_client */;
/*!40101 SET character_set_client = utf8 */;
CREATE TABLE `users_roles` (
  `_user_id` bigint(20) NOT NULL,
  `_role_id` bigint(20) NOT NULL,
  KEY `users_roles_users__id_fk` (`_user_id`),
  KEY `users_roles_roles__id_fk` (`_role_id`),
  CONSTRAINT `users_roles_roles__id_fk` FOREIGN KEY (`_role_id`) REFERENCES `roles` (`_id`),
  CONSTRAINT `users_roles_users__id_fk` FOREIGN KEY (`_user_id`) REFERENCES `users` (`_id`)
) ENGINE=InnoDB DEFAULT CHARSET=utf8mb4 COLLATE=utf8mb4_unicode_ci;
/*!40101 SET character_set_client = @saved_cs_client */;

--
-- Dumping data for table `users_roles`
--

LOCK TABLES `users_roles` WRITE;
/*!40000 ALTER TABLE `users_roles` DISABLE KEYS */;
/*!40000 ALTER TABLE `users_roles` ENABLE KEYS */;
UNLOCK TABLES;
/*!40103 SET TIME_ZONE=@OLD_TIME_ZONE */;

/*!40101 SET SQL_MODE=@OLD_SQL_MODE */;
/*!40014 SET FOREIGN_KEY_CHECKS=@OLD_FOREIGN_KEY_CHECKS */;
/*!40014 SET UNIQUE_CHECKS=@OLD_UNIQUE_CHECKS */;
/*!40101 SET CHARACTER_SET_CLIENT=@OLD_CHARACTER_SET_CLIENT */;
/*!40101 SET CHARACTER_SET_RESULTS=@OLD_CHARACTER_SET_RESULTS */;
/*!40101 SET COLLATION_CONNECTION=@OLD_COLLATION_CONNECTION */;
/*!40111 SET SQL_NOTES=@OLD_SQL_NOTES */;

-- Dump completed on 2020-06-14 16:08:20
